mass_1,mass_2,spin_1z,spin_2z,luminosity_distance,theta_jn,phase,geocent_time,ra,dec,psi,log_likelihood,log_prior
36.15822560012709,33.2892037465762,-0.7272528063574129,0.7473605292391305,400.0,0.4,1.3,1126259642.413,1.375,-1.2108,2.659,666.2454847546816,-8.553332238032109
33.76380046703436,35.30501303985297,0.2293332221342953,-0.27355347522294504,400.0,0.4,1.3,1126259642.413,1.375,-1.2108,2.659,666.4628416192052,-8.553332238032109
30.931293223752,36.155332135003746,0.09247837780242103,0.1376239115318484,400.0,0.4,1.3,1126259642.413,1.375,-1.2108,2.659,667.0232967458307,-8.553332238032109
34.06543704955842,33.350138840652384,-0.10100900486424542,0.31160090744815017,400.0,0.4,1.3,1126259642.413,1.375,-1.2108,2.659,667.5106815938982,-8.553332238032109
35.811728091930654,31.947278243658996,0.5404953716016013,-0.6003422861421152,400.0,0.4,1.3,1126259642.413,1.375,-1.2108,2.659,667.677945704575,-8.553332238032109
36.426514728341765,32.73450445224036,0.5600145957767486,-0.7485685510712191,400.0,0.4,1.3,1126259642.413,1.375,-1.2108,2.659,667.7791916322611,-8.553332238032109
34.244503271416214,34.325284128406224,0.5094756252535673,-0.3686967277808774,400.0,0.4,1.3,1126259642.413,1.375,-1.2108,2.659,667.8048622415793,-8.553332238032109
38.94798561317313,30.37419594314081,0.2213196804538634,-0.48612005257303287,400.0,0.4,1.3,1126259642.413,1.375,-1.2108,2.659,667.9177535056158,-8.553332238032109
31.896493437666802,37.261008653832704,-0.4375226253244365,0.37621013456902597,400.0,0.4,1.3,1126259642.413,1.375,-1.2108,2.659,668.2904236228569,-8.553332238032109
34.664922915534476,33.47092801263687,0.2580170721937171,-0.1792496959836931,400.0,0.4,1.3,1126259642.413,1.375,-1.2108,2.659,668.4087150201797,-8.553332238032109
34.15692599779134,34.67248620009904,0.7752183018084287,-0.6304145811889871,400.0,0.4,1.3,1126259642.413,1.375,-1.2108,2.659,668.428881078016,-8.553332238032109
30.140718010396924,36.78416391982187,0.15653038922504758,0.1937833708690011,400.0,0.4,1.3,1126259642.413,1.375,-1.2108,2.659,668.5320000792165,-8.553332238032109
31.72446851044944,35.71132633042631,-0.6279568109810435,0.6601427991660656,400.0,0.4,1.3,1126259642.413,1.375,-1.2108,2.659,668.5493902412967,-8.553332238032109
33.31544668802913,34.68108206294209,-0.37516334966543224,0.529955745966572,400.0,0.4,1.3,1126259642.413,1.375,-1.2108,2.659,668.5967487038652,-8.553332238032109
33.41172974365185,36.076336715763304,-0.6186870485101028,0.3573116169008082,400.0,0.4,1.3,1126259642.413,1.375,-1.2108,2.659,668.63218463224,-8.553332238032109
32.12733031642859,35.69099956427694,-0.10560679064007032,0.23204695219755067,400.0,0.4,1.3,1126259642.413,1.375,-1.2108,2.659,668.9165917800892,-8.553332238032109
32.061543461060474,35.67328580007571,0.5055039802626092,-0.1751823703136056,400.0,0.4,1.3,1126259642.413,1.375,-1.2108,2.659,668.9457635661274,-8.553332238032109
34.72551409987972,33.6120694521365,0.24763552019180943,-0.05197905842940403,400.0,0.4,1.3,1126259642.413,1.375,-1.2108,2.659,669.096673576691,-8.553332238032109
34.37560167363884,34.73238594744791,-0.7674188410665859,0.6532775849124913,400.0,0.4,1.3,1126259642.413,1.375,-1.2108,2.659,669.1107736046499,-8.553332238032109
38.25120970038573,31.55275405363989,0.17103731126168933,-0.5421038895376656,400.0,0.4,1.3,1126259642.413,1.375,-1.2108,2.659,669.1241415581842,-8.553332238032109
33.49071672692943,34.52933599804348,-0.5046389195677419,0.7037253667736953,400.0,0.4,1.3,1126259642.413,1.375,-1.2108,2.659,669.1312538393752,-8.553332238032109
33.335345327262004,34.97018386520622,0.13070727801544552,-0.027772312342101008,400.0,0.4,1.3,1126259642.413,1.375,-1.2108,2.659,669.1400977935489,-8.553332238032109
34.850431386049145,33.2813712684667,-0.08369157712864066,0.19769104475631258,400.0,0.4,1.3,1126259642.413,1.375,-1.2108,2.659,669.148529456684,-8.553332238032109
34.45236423728139,33.31474860539264,-0.3751499058472963,0.6490471170639023,400.0,0.4,1.3,1126259642.413,1.375,-1.2108,2.659,669.1551040983894,-8.553332238032109
33.705224086089075,34.03711283658791,0.795392198598362,-0.6451678616019121,400.0,0.4,1.3,1126259642.413,1.375,-1.2108,2.659,669.2843934015598,-8.553332238032109
31.20033979831795,35.58337202320183,-0.36480359377009663,0.6578051422577129,400.0,0.4,1.3,1126259642.413,1.375,-1.2108,2.659,669.3100543944538,-8.553332238032109
30.908529721488616,36.32318279367291,-0.5193012113675209,0.5594561807292776,400.0,0.4,1.3,1126259642.413,1.375,-1.2108,2.659,669.3437350216352,-8.553332238032109
36.87095890054102,30.07859278236843,0.7314624856711534,-0.7514583121830489,400.0,0.4,1.3,1126259642.413,1.375,-1.2108,2.659,669.365604814416,-8.553332238032109
34.66996868703264,34.948293656157986,0.7431521217435967,-0.7255819441516902,400.0,0.4,1.3,1126259642.413,1.375,-1.2108,2.659,669.4089979764353,-8.553332238032109
31.49342202954161,35.435933969909385,-0.18635832428363702,0.42392798390781394,400.0,0.4,1.3,1126259642.413,1.375,-1.2108,2.659,669.4113401197803,-8.553332238032109
39.52637855951796,30.17171489719761,-0.16203107917645976,-0.02113764446154589,400.0,0.4,1.3,1126259642.413,1.375,-1.2108,2.659,669.4290613741052,-8.553332238032109
31.075382929870685,38.2156460739758,-0.7893066476865997,0.5213548586461088,400.0,0.4,1.3,1126259642.413,1.375,-1.2108,2.659,669.4458191747159,-8.553332238032109
37.49596106608835,31.451745609855674,-0.12311135447177064,0.02588497858950791,400.0,0.4,1.3,1126259642.413,1.375,-1.2108,2.659,669.5421280377725,-8.553332238032109
33.83215023325032,33.62139584472135,-0.08047745529279282,0.21830299498042827,400.0,0.4,1.3,1126259642.413,1.375,-1.2108,2.659,669.5448874657028,-8.553332238032109
39.49112596860647,30.87271785502178,-0.11361214608737419,-0.26210596788069457,400.0,0.4,1.3,1126259642.413,1.375,-1.2108,2.659,669.552873044882,-8.553332238032109
37.77930059944279,30.962228187758992,-0.11163718340501988,0.23870091099842866,400.0,0.4,1.3,1126259642.413,1.375,-1.2108,2.659,669.5548293921665,-8.553332238032109
34.144660911239335,35.57161773272758,0.3003165181088353,-0.4082282338999553,400.0,0.4,1.3,1126259642.413,1.375,-1.2108,2.659,669.6247489554975,-8.553332238032109
35.66913230974073,33.80334153012422,0.49660566938945094,-0.6461563200254989,400.0,0.4,1.3,1126259642.413,1.375,-1.2108,2.659,669.69307837186,-8.553332238032109
34.98860693579176,32.134514176783995,0.5498464176981481,-0.2756519539423723,400.0,0.4,1.3,1126259642.413,1.375,-1.2108,2.659,669.778705643807,-8.553332238032109
33.58521089575361,33.943322880489625,0.44426429333014805,-0.14412124405202878,400.0,0.4,1.3,1126259642.413,1.375,-1.2108,2.659,669.8493432930973,-8.553332238032109
30.78027786392872,38.1550354414868,-0.7958691670354534,0.49588701258443035,400.0,0.4,1.3,1126259642.413,1.375,-1.2108,2.659,669.8518696951579,-8.553332238032109
36.788978190993106,30.98287796174978,-0.21678442724250685,0.5175761144868901,400.0,0.4,1.3,1126259642.413,1.375,-1.2108,2.659,669.8755174052566,-8.553332238032109
38.182141462082754,31.50982702123113,-0.11051307718273098,-0.039361388591448304,400.0,0.4,1.3,1126259642.413,1.375,-1.2108,2.659,669.9000879307604,-8.553332238032109
31.718903113680547,36.23313565989818,-0.19983973205700936,0.27564612462148025,400.0,0.4,1.3,1126259642.413,1.375,-1.2108,2.659,669.9161810835083,-8.553332238032109
30.54159406875136,37.35722388516399,-0.3453453676537036,0.3545665965353824,400.0,0.4,1.3,1126259642.413,1.375,-1.2108,2.659,669.9367151358889,-8.553332238032109
35.02287109074605,34.52202563024039,-0.04741815087580732,0.014649197530132309,400.0,0.4,1.3,1126259642.413,1.375,-1.2108,2.659,669.9545480415342,-8.553332238032109
33.72132235136911,35.658292646324504,-0.433932042480844,0.3291968458697108,400.0,0.4,1.3,1126259642.413,1.375,-1.2108,2.659,669.9603941314037,-8.553332238032109
32.58091122137559,35.495128440099045,0.018063021561331355,0.12592800027928341,400.0,0.4,1.3,1126259642.413,1.375,-1.2108,2.659,670.0759910426073,-8.553332238032109
35.128314597387075,34.306237295407264,-0.6602919212511871,0.6204960178231413,400.0,0.4,1.3,1126259642.413,1.375,-1.2108,2.659,670.0811284577952,-8.553332238032109
33.11382047607672,35.65641997010616,-0.28602713558755405,0.30242176195146236,400.0,0.4,1.3,1126259642.413,1.375,-1.2108,2.659,670.1165390160495,-8.553332238032109
33.94962283324436,35.11319547173511,0.7826355583581598,-0.7766744610998996,400.0,0.4,1.3,1126259642.413,1.375,-1.2108,2.659,670.1301807098745,-8.553332238032109
36.42229820045371,33.322466148259615,0.034391558145520314,-0.23988719274600798,400.0,0.4,1.3,1126259642.413,1.375,-1.2108,2.659,670.1881882776736,-8.553332238032109
32.97790953119385,35.42312289506902,0.735580307460162,-0.48267038404196705,400.0,0.4,1.3,1126259642.413,1.375,-1.2108,2.659,670.2006651118236,-8.553332238032109
38.88490022768302,30.650032011387854,-0.5426098657883477,0.7311243407521791,400.0,0.4,1.3,1126259642.413,1.375,-1.2108,2.659,670.2292231759633,-8.553332238032109
37.21865428283478,33.0957986401106,-0.6968848014324736,0.5719010327613114,400.0,0.4,1.3,1126259642.413,1.375,-1.2108,2.659,670.2449501011683,-8.553332238032109
38.12156811233836,31.538569951859674,-0.19849789687326053,0.11910845803016765,400.0,0.4,1.3,1126259642.413,1.375,-1.2108,2.659,670.2471510551411,-8.553332238032109
34.53933628510961,33.47763990090981,-0.20873233638825406,0.39992959222472296,400.0,0.4,1.3,1126259642.413,1.375,-1.2108,2.659,670.2680545043233,-8.553332238032109
34.308900212404154,33.896533152806384,0.1778206451800877,-0.017979993030908623,400.0,0.4,1.3,1126259642.413,1.375,-1.2108,2.659,670.2839528276866,-8.553332238032109
38.14682457340833,31.725755861229008,-0.13946842664602674,0.022791046116931793,400.0,0.4,1.3,1126259642.413,1.375,-1.2108,2.659,670.2917565736418,-8.553332238032109
32.828417206754004,35.789646650268516,-0.7148243758166326,0.7024250083455038,400.0,0.4,1.3,1126259642.413,1.375,-1.2108,2.659,670.3174283590959,-8.553332238032109
38.626379177855945,30.00872769880076,0.004065314319464025,0.03527167470685314,400.0,0.4,1.3,1126259642.413,1.375,-1.2108,2.659,670.3712692769527,-8.553332238032109
34.34692618255948,32.48430423634194,0.5957812145261006,-0.31742366495017427,400.0,0.4,1.3,1126259642.413,1.375,-1.2108,2.659,670.3772562402107,-8.553332238032109
31.299097211632706,37.62802984200536,-0.5731851220534689,0.3387673451890866,400.0,0.4,1.3,1126259642.413,1.375,-1.2108,2.659,670.407520795392,-8.553332238032109
33.87399415341177,33.81012858505524,-0.1299270750439202,0.40827364025109475,400.0,0.4,1.3,1126259642.413,1.375,-1.2108,2.659,670.4193633711702,-8.553332238032109
37.85722171758217,30.172971560999564,0.33055598256727786,-0.4183190344338717,400.0,0.4,1.3,1126259642.413,1.375,-1.2108,2.659,670.4301145862776,-8.553332238032109
33.40738045538618,35.31529492670593,-0.5682048692152867,0.5359560768576608,400.0,0.4,1.3,1126259642.413,1.375,-1.2108,2.659,670.446267044756,-8.553332238032109
34.29952593326107,33.724748601918655,-0.33235389760561723,0.5211901336137318,400.0,0.4,1.3,1126259642.413,1.375,-1.2108,2.659,670.4476666638093,-8.553332238032109
34.89883958426494,33.01759145478725,0.45995428227433305,-0.4838374691081454,400.0,0.4,1.3,1126259642.413,1.375,-1.2108,2.659,670.4712447905872,-8.553332238032109
32.945788771802555,34.07491944980277,0.7543266248176127,-0.3598354518111878,400.0,0.4,1.3,1126259642.413,1.375,-1.2108,2.659,670.5031294968467,-8.553332238032109
37.384716575378,31.900619211160166,0.41015375006181765,-0.7912376758328993,400.0,0.4,1.3,1126259642.413,1.375,-1.2108,2.659,670.5211337516661,-8.553332238032109
39.04010341406105,31.301663847855874,0.056038068291579125,-0.5098342533567991,400.0,0.4,1.3,1126259642.413,1.375,-1.2108,2.659,670.5359337173152,-8.553332238032109
35.49911390430328,33.808317538155904,0.5128874191817071,-0.5849261176901913,400.0,0.4,1.3,1126259642.413,1.375,-1.2108,2.659,670.5384213108052,-8.553332238032109
36.38897554551871,31.32922770700301,0.4152501788046411,-0.2883580187945256,400.0,0.4,1.3,1126259642.413,1.375,-1.2108,2.659,670.5691200285924,-8.553332238032109
33.4040962046813,34.95375035769062,-0.27551473442275126,0.4119028366453995,400.0,0.4,1.3,1126259642.413,1.375,-1.2108,2.659,670.5939045993209,-8.553332238032109
32.925996252506735,36.32129916153748,0.4859457950044505,-0.40049082361613636,400.0,0.4,1.3,1126259642.413,1.375,-1.2108,2.659,670.6682592172451,-8.553332238032109
34.270972625619294,33.18794855518359,0.4399241842300406,-0.24442638298326916,400.0,0.4,1.3,1126259642.413,1.375,-1.2108,2.659,670.6807318281985,-8.553332238032109
33.05092482324883,35.76706433629623,-0.15347733795851423,0.12192003943035812,400.0,0.4,1.3,1126259642.413,1.375,-1.2108,2.659,670.7723577253018,-8.553332238032109
32.155974559660145,35.007705871309504,-0.26051486349575065,0.4854351150633495,400.0,0.4,1.3,1126259642.413,1.375,-1.2108,2.659,670.7851488116952,-8.553332238032109
34.40734985258563,35.13755799463911,-0.33944399195839814,0.29847612662847006,400.0,0.4,1.3,1126259642.413,1.375,-1.2108,2.659,670.8147591178985,-8.553332238032109
32.22455197516781,35.513428934574996,0.5942771081391321,-0.3109461088869502,400.0,0.4,1.3,1126259642.413,1.375,-1.2108,2.659,670.8318107471125,-8.553332238032109
31.090687820619607,36.91261991114822,-0.22030667069645962,0.19921932251253427,400.0,0.4,1.3,1126259642.413,1.375,-1.2108,2.659,670.8418594986754,-8.553332238032109
32.47026821064647,36.72223210170379,-0.22974426600108622,0.157229572089707,400.0,0.4,1.3,1126259642.413,1.375,-1.2108,2.659,670.8927806240007,-8.553332238032109
33.881549882257644,33.36986727603928,0.12406561534911409,0.1069685437733569,400.0,0.4,1.3,1126259642.413,1.375,-1.2108,2.659,670.8971128401945,-8.553332238032109
33.78887611461946,34.15736507138389,0.6510413681069641,-0.5372036899471014,400.0,0.4,1.3,1126259642.413,1.375,-1.2108,2.659,670.907280597027,-8.553332238032109
38.22224085647277,31.375518096270156,-0.4527563336209999,0.5523138570110517,400.0,0.4,1.3,1126259642.413,1.375,-1.2108,2.659,670.9214658732435,-8.553332238032109
34.03104068752346,35.35231208294341,-0.34328713690509755,0.2702287133429413,400.0,0.4,1.3,1126259642.413,1.375,-1.2108,2.659,670.9583455649146,-8.553332238032109
30.110697514185283,37.23490260598574,-0.5753154667074313,0.5719406477903973,400.0,0.4,1.3,1126259642.413,1.375,-1.2108,2.659,670.9603447206846,-8.553332238032109
38.407466039351185,31.945074784008145,-0.33083430769804395,0.1521240367896851,400.0,0.4,1.3,1126259642.413,1.375,-1.2108,2.659,670.9846964689045,-8.553332238032109
35.05156919676955,34.49121895770252,-0.3832702608998671,0.21380809583397123,400.0,0.4,1.3,1126259642.413,1.375,-1.2108,2.659,670.9881929065515,-8.553332238032109
34.31505566209368,34.04044007762864,0.4622096097088855,-0.3371072935988542,400.0,0.4,1.3,1126259642.413,1.375,-1.2108,2.659,670.9949853572191,-8.553332238032109
36.07240335725902,32.03896503139577,0.4922542916713271,-0.5559000895947196,400.0,0.4,1.3,1126259642.413,1.375,-1.2108,2.659,671.0028575975805,-8.553332238032109
34.29969680653808,34.756296444337174,0.2673141648702671,-0.2330850861499771,400.0,0.4,1.3,1126259642.413,1.375,-1.2108,2.659,671.012385270849,-8.553332238032109
34.443804816952834,35.087892231210986,-0.21709692543654782,0.15087349626729687,400.0,0.4,1.3,1126259642.413,1.375,-1.2108,2.659,671.0198807475005,-8.553332238032109
36.76398707749841,32.577756099957206,0.2064435807132351,-0.292994877898459,400.0,0.4,1.3,1126259642.413,1.375,-1.2108,2.659,671.0258029213892,-8.553332238032109
33.66545478172738,35.73885778251596,-0.33532051494237064,0.18025702299389407,400.0,0.4,1.3,1126259642.413,1.375,-1.2108,2.659,671.0264470519377,-8.553332238032109
33.895114849256245,33.284449430010525,0.547888533232175,-0.2885477945441697,400.0,0.4,1.3,1126259642.413,1.375,-1.2108,2.659,671.0301266763472,-8.553332238032109
33.6274344324458,34.11522447652225,0.6657689745610325,-0.40495669779243304,400.0,0.4,1.3,1126259642.413,1.375,-1.2108,2.659,671.0329783555642,-8.553332238032109
30.930149554492328,37.02135331908548,-0.4599936872383334,0.5096103307515781,400.0,0.4,1.3,1126259642.413,1.375,-1.2108,2.659,671.0567035089964,-8.553332238032109
31.65890439959075,35.80769525617028,-0.17623944532379923,0.43842943214893004,400.0,0.4,1.3,1126259642.413,1.375,-1.2108,2.659,671.067706625481,-8.553332238032109
33.08142109755368,34.730641835645976,-0.5785326337439776,0.6331988821555613,400.0,0.4,1.3,1126259642.413,1.375,-1.2108,2.659,671.0693103916758,-8.553332238032109
38.03305896422382,30.69000390160392,-0.007585909026456711,-0.017364344045332034,400.0,0.4,1.3,1126259642.413,1.375,-1.2108,2.659,671.0712092565755,-8.553332238032109
36.07283398399794,33.16964454101179,-0.12936656752038414,0.1325570521533463,400.0,0.4,1.3,1126259642.413,1.375,-1.2108,2.659,671.0897180080428,-8.553332238032109
33.324067318091,35.15377694818977,-0.2641260497633717,0.3906026054703302,400.0,0.4,1.3,1126259642.413,1.375,-1.2108,2.659,671.1056316038698,-8.553332238032109
36.21743347640895,33.387143198932485,-0.12787543799987872,0.07791083701486928,400.0,0.4,1.3,1126259642.413,1.375,-1.2108,2.659,671.1233161441876,-8.553332238032109
34.310603553080995,35.62244750414771,-0.38382660816860703,0.27889625124584394,400.0,0.4,1.3,1126259642.413,1.375,-1.2108,2.659,671.1242564326169,-8.553332238032109
33.58803309385637,35.781172557378525,-0.7938719973674695,0.6897474797127953,400.0,0.4,1.3,1126259642.413,1.375,-1.2108,2.659,671.1333647362117,-8.553332238032109
33.357374749141705,34.624558757410995,-0.4748237151092923,0.5597419438994933,400.0,0.4,1.3,1126259642.413,1.375,-1.2108,2.659,671.1485729699898,-8.553332238032109
34.37917761701107,32.89819008046842,0.4113942484251292,-0.15465331443265182,400.0,0.4,1.3,1126259642.413,1.375,-1.2108,2.659,671.1808027930612,-8.553332238032109
37.227578804009404,32.46522590630029,0.30085049571039946,-0.5082561354553039,400.0,0.4,1.3,1126259642.413,1.375,-1.2108,2.659,671.1822183185595,-8.553332238032109
31.94131785547107,35.049239796373264,-0.024495487172003984,0.24267935452879058,400.0,0.4,1.3,1126259642.413,1.375,-1.2108,2.659,671.1853059367129,-8.553332238032109
31.67488347959497,34.8571134773345,0.3175836605366077,0.08489612674711317,400.0,0.4,1.3,1126259642.413,1.375,-1.2108,2.659,671.1882174364113,-8.553332238032109
33.48490422419052,35.55590634463126,0.766985238158006,-0.7749137530866104,400.0,0.4,1.3,1126259642.413,1.375,-1.2108,2.659,671.1925347993778,-8.553332238032109
31.003900718012652,37.33618812944277,-0.5656221045723366,0.4691936002621471,400.0,0.4,1.3,1126259642.413,1.375,-1.2108,2.659,671.2189009989035,-8.553332238032109
38.054528641837415,30.747777240217097,-0.3532454338747822,0.5304992106677576,400.0,0.4,1.3,1126259642.413,1.375,-1.2108,2.659,671.2270668073336,-8.553332238032109
33.636690357072055,35.588060377314505,-0.7776878038078954,0.6570065180698615,400.0,0.4,1.3,1126259642.413,1.375,-1.2108,2.659,671.2303820077,-8.553332238032109
30.44149707213293,39.025614665494764,-0.6872715472681302,0.37989946510009576,400.0,0.4,1.3,1126259642.413,1.375,-1.2108,2.659,671.2499058688466,-8.553332238032109
34.84775776418812,33.35162468261051,0.581645393606312,-0.6181751241920651,400.0,0.4,1.3,1126259642.413,1.375,-1.2108,2.659,671.2631598748156,-8.553332238032109
35.17377916633202,33.83560143756113,0.7166931840733902,-0.7906292343759382,400.0,0.4,1.3,1126259642.413,1.375,-1.2108,2.659,671.2703786531356,-8.553332238032109
37.188102187338245,31.240577820838794,0.48596699845876445,-0.5212588133478864,400.0,0.4,1.3,1126259642.413,1.375,-1.2108,2.659,671.2887275721282,-8.553332238032109
32.38069629903745,35.78618373426218,-0.5669342846697905,0.6508384206190087,400.0,0.4,1.3,1126259642.413,1.375,-1.2108,2.659,671.3111860980017,-8.553332238032109
32.54537534699723,36.33735179536317,-0.5894909967436261,0.442194741106555,400.0,0.4,1.3,1126259642.413,1.375,-1.2108,2.659,671.3251889515183,-8.553332238032109
32.14282699832899,35.58345443863082,-0.4194043578008475,0.5693892567523332,400.0,0.4,1.3,1126259642.413,1.375,-1.2108,2.659,671.3255273227427,-8.553332238032109
31.76311102055885,36.09241950860152,-0.716341246125564,0.797660822642512,400.0,0.4,1.3,1126259642.413,1.375,-1.2108,2.659,671.3259433588667,-8.553332238032109
31.431707398733973,36.32459793337742,0.6162908950848219,-0.279189092582215,400.0,0.4,1.3,1126259642.413,1.375,-1.2108,2.659,671.3447326188597,-8.553332238032109
34.433454419692964,32.234888479567644,0.34668381955190675,0.036391843441606085,400.0,0.4,1.3,1126259642.413,1.375,-1.2108,2.659,671.3571280228443,-8.553332238032109
32.56413665592643,35.35924618411646,-0.29448820635115425,0.5098372021280215,400.0,0.4,1.3,1126259642.413,1.375,-1.2108,2.659,671.382986413684,-8.553332238032109
32.527998133411735,35.49600025888417,-0.6957933942746055,0.7148260261686197,400.0,0.4,1.3,1126259642.413,1.375,-1.2108,2.659,671.4014109428082,-8.553332238032109
32.214263967255675,36.85670516504563,-0.41911586336214735,0.39538596282476546,400.0,0.4,1.3,1126259642.413,1.375,-1.2108,2.659,671.4285460518769,-8.553332238032109
39.12251870550812,30.572348499378403,0.2805357957606112,-0.7251694836009699,400.0,0.4,1.3,1126259642.413,1.375,-1.2108,2.659,671.4343215880272,-8.553332238032109
31.773569655458207,36.29574258599951,-0.5833986919143366,0.6001235042233202,400.0,0.4,1.3,1126259642.413,1.375,-1.2108,2.659,671.439113647216,-8.553332238032109
31.562971149070215,35.324466208961276,0.2518091519593097,0.057376849747637404,400.0,0.4,1.3,1126259642.413,1.375,-1.2108,2.659,671.4438140226066,-8.553332238032109
36.80416582548585,31.249763629615074,0.6026081201773211,-0.644925319684989,400.0,0.4,1.3,1126259642.413,1.375,-1.2108,2.659,671.4469516759066,-8.553332238032109
34.47120752386108,34.485222703739325,0.523624008777658,-0.5512127942025449,400.0,0.4,1.3,1126259642.413,1.375,-1.2108,2.659,671.4623669703703,-8.553332238032109
32.66068318290176,35.85200728284285,-0.695951033741964,0.6846200459805732,400.0,0.4,1.3,1126259642.413,1.375,-1.2108,2.659,671.4907352878699,-8.553332238032109
35.17280833230311,32.6804438916404,0.3762375739437318,-0.21760581302622103,400.0,0.4,1.3,1126259642.413,1.375,-1.2108,2.659,671.4910672676963,-8.553332238032109
33.37239769516409,36.662437774302205,0.5946926747112211,-0.6016808677972587,400.0,0.4,1.3,1126259642.413,1.375,-1.2108,2.659,671.5017810376298,-8.553332238032109
30.574548886003132,37.91247020477188,0.14069449200787928,-0.007379941932481107,400.0,0.4,1.3,1126259642.413,1.375,-1.2108,2.659,671.5163643202109,-8.553332238032109
33.366627713511456,35.128363116849094,-0.4649058818853558,0.48553447148514894,400.0,0.4,1.3,1126259642.413,1.375,-1.2108,2.659,671.5166173226498,-8.553332238032109
35.43592031016581,32.96436211148289,0.16875247863549944,-0.14101175138440816,400.0,0.4,1.3,1126259642.413,1.375,-1.2108,2.659,671.5202889309483,-8.553332238032109
36.48389604885677,31.20647907943959,0.7451105291355837,-0.7635107127788439,400.0,0.4,1.3,1126259642.413,1.375,-1.2108,2.659,671.5308424076909,-8.553332238032109
32.590184182746526,36.767067415670994,-0.6543081406144777,0.48228051239670167,400.0,0.4,1.3,1126259642.413,1.375,-1.2108,2.659,671.5412431953175,-8.553332238032109
33.74509672654234,34.81542511161353,-0.72608674575328,0.7592977348729405,400.0,0.4,1.3,1126259642.413,1.375,-1.2108,2.659,671.5463261950265,-8.553332238032109
35.153636213703315,34.197633610550966,0.2633559111223818,-0.3241622130598444,400.0,0.4,1.3,1126259642.413,1.375,-1.2108,2.659,671.5477759934424,-8.553332238032109
35.033154499640276,32.68789822049923,-0.27190000960822186,0.5483074779795039,400.0,0.4,1.3,1126259642.413,1.375,-1.2108,2.659,671.5549690474618,-8.553332238032109
32.30078231615563,36.56662044226347,0.49969842389072433,-0.3921318833799271,400.0,0.4,1.3,1126259642.413,1.375,-1.2108,2.659,671.5669660596659,-8.553332238032109
35.733099458829194,32.738370527462116,0.07141384930696015,0.0616941261261817,400.0,0.4,1.3,1126259642.413,1.375,-1.2108,2.659,671.5675356882468,-8.553332238032109
35.23145840751392,32.84961730869873,-0.30076910497989845,0.5581493328307279,400.0,0.4,1.3,1126259642.413,1.375,-1.2108,2.659,671.5814174454895,-8.553332238032109
32.15010364593007,35.01241847916639,0.4741190998712959,-0.17678221097064983,400.0,0.4,1.3,1126259642.413,1.375,-1.2108,2.659,671.5855149860604,-8.553332238032109
32.57185877739293,35.87033538008838,0.5872742656409646,-0.4333545156832944,400.0,0.4,1.3,1126259642.413,1.375,-1.2108,2.659,671.6005106890251,-8.553332238032109
34.186579510860554,34.436636733999066,0.4578694231612209,-0.3408498827532875,400.0,0.4,1.3,1126259642.413,1.375,-1.2108,2.659,671.6318363625176,-8.553332238032109
32.88256676462382,34.80218519559638,0.604903292761372,-0.38365158973971797,400.0,0.4,1.3,1126259642.413,1.375,-1.2108,2.659,671.6520199532296,-8.553332238032109
33.75826695581674,35.248396449681564,-0.6430023111236672,0.573780785789071,400.0,0.4,1.3,1126259642.413,1.375,-1.2108,2.659,671.6724444857421,-8.553332238032109
35.14015159900313,32.84648694396044,-0.2865571102164682,0.4920018287740384,400.0,0.4,1.3,1126259642.413,1.375,-1.2108,2.659,671.690658555842,-8.553332238032109
37.58421650390343,31.638312170077153,-0.1645799470949705,0.20996427876455281,400.0,0.4,1.3,1126259642.413,1.375,-1.2108,2.659,671.6986721399012,-8.553332238032109
35.546296938594494,31.900225803777708,0.4997970691866335,-0.35296048756179055,400.0,0.4,1.3,1126259642.413,1.375,-1.2108,2.659,671.7098551012693,-8.553332238032109
32.326375844910736,36.80469017386544,0.011821524804300411,-0.0627223141678914,400.0,0.4,1.3,1126259642.413,1.375,-1.2108,2.659,671.7117477019929,-8.553332238032109
34.137843285018405,35.74036104864529,0.2319852072903328,-0.3198887656251648,400.0,0.4,1.3,1126259642.413,1.375,-1.2108,2.659,671.7163631385754,-8.553332238032109
33.76416662062566,33.94730355561077,-0.09880256015550516,0.25113327058914836,400.0,0.4,1.3,1126259642.413,1.375,-1.2108,2.659,671.7188572223401,-8.553332238032109
33.38512145303575,35.89661549785149,0.7265792453400278,-0.6712121505301067,400.0,0.4,1.3,1126259642.413,1.375,-1.2108,2.659,671.7252431977097,-8.553332238032109
30.657196682132884,37.35129073028656,0.03609029273755759,0.06763015374315547,400.0,0.4,1.3,1126259642.413,1.375,-1.2108,2.659,671.7569728837974,-8.553332238032109
31.921515745623545,36.413400848735606,-0.356821049848744,0.3236564467053218,400.0,0.4,1.3,1126259642.413,1.375,-1.2108,2.659,671.7627320083459,-8.553332238032109
37.419608492132774,30.761638436193536,0.37441743669239125,-0.3818452297830809,400.0,0.4,1.3,1126259642.413,1.375,-1.2108,2.659,671.7668315270964,-8.553332238032109
32.992296415717504,36.07949487403622,0.5619532108202109,-0.4582103702937801,400.0,0.4,1.3,1126259642.413,1.375,-1.2108,2.659,671.771651879339,-8.553332238032109
32.278622059290456,34.48194894863352,-0.40416439900591594,0.642828584747683,400.0,0.4,1.3,1126259642.413,1.375,-1.2108,2.659,671.7724983932915,-8.553332238032109
33.390564371542574,34.24931557546287,-0.5306757827980575,0.7134933508215983,400.0,0.4,1.3,1126259642.413,1.375,-1.2108,2.659,671.7846772799949,-8.553332238032109
37.60083263751948,30.087279525442106,0.14087791270578381,0.10372810367356466,400.0,0.4,1.3,1126259642.413,1.375,-1.2108,2.659,671.7881854019777,-8.553332238032109
30.458062041453484,37.58645216597998,-0.5301222791486111,0.5404129284722374,400.0,0.4,1.3,1126259642.413,1.375,-1.2108,2.659,671.7930294821515,-8.553332238032109
34.15672391076516,33.50151992206559,0.7533781488701765,-0.5910412398512014,400.0,0.4,1.3,1126259642.413,1.375,-1.2108,2.659,671.8004017849485,-8.553332238032109
33.292152728066114,35.524895374199424,-0.6829029098886856,0.6810985396565068,400.0,0.4,1.3,1126259642.413,1.375,-1.2108,2.659,671.8082265738246,-8.553332238032109
32.58771564830233,35.97029297120303,-0.7783612432988424,0.6900703763482099,400.0,0.4,1.3,1126259642.413,1.375,-1.2108,2.659,671.8192388812771,-8.553332238032109
32.99730288055513,35.88079581929144,-0.7812421410181594,0.6654151248884888,400.0,0.4,1.3,1126259642.413,1.375,-1.2108,2.659,671.8253259392327,-8.553332238032109
36.44526227180552,31.912861455874804,0.35410895592924857,-0.3282903773199983,400.0,0.4,1.3,1126259642.413,1.375,-1.2108,2.659,671.8305276205322,-8.553332238032109
38.99747705717527,30.710107795300132,0.1478914285115112,-0.40567016501275915,400.0,0.4,1.3,1126259642.413,1.375,-1.2108,2.659,671.834518057293,-8.553332238032109
37.983759428190695,31.710122655394738,-0.13832299835565462,0.06655304735729818,400.0,0.4,1.3,1126259642.413,1.375,-1.2108,2.659,671.8502429091169,-8.553332238032109
35.420734192900746,34.25571890254574,0.43109777667306065,-0.6209271929643375,400.0,0.4,1.3,1126259642.413,1.375,-1.2108,2.659,671.8796388919967,-8.553332238032109
33.414966557168945,34.86824352570348,-0.6766855732605592,0.7647829066352645,400.0,0.4,1.3,1126259642.413,1.375,-1.2108,2.659,671.8801290968727,-8.553332238032109
32.63314313246983,35.380719702319006,0.1754440353130009,0.02151278567550174,400.0,0.4,1.3,1126259642.413,1.375,-1.2108,2.659,671.8813500008175,-8.553332238032109
33.541819419870414,33.61868319590928,0.5839056660851875,-0.31599095385173664,400.0,0.4,1.3,1126259642.413,1.375,-1.2108,2.659,671.8831788067538,-8.553332238032109
36.60496658800036,31.26984507775378,0.11196153838777712,-0.006171901217739584,400.0,0.4,1.3,1126259642.413,1.375,-1.2108,2.659,671.8845322808521,-8.553332238032109
31.682317107663692,36.74286589682337,0.3527362331128799,-0.2004943337133193,400.0,0.4,1.3,1126259642.413,1.375,-1.2108,2.659,671.8889580411325,-8.553332238032109
31.760697894289045,36.39652754813575,-0.7881386879313258,0.6873348868345764,400.0,0.4,1.3,1126259642.413,1.375,-1.2108,2.659,671.8950981084693,-8.553332238032109
31.469841673995518,37.44376533517733,-0.18679110624206974,0.09286435959660913,400.0,0.4,1.3,1126259642.413,1.375,-1.2108,2.659,671.9113787551747,-8.553332238032109
33.07731745139847,35.890191799546734,0.2914858379973219,-0.23477006819906818,400.0,0.4,1.3,1126259642.413,1.375,-1.2108,2.659,671.9170943842785,-8.553332238032109
31.72268087146411,37.707374540762615,-0.7462603599269779,0.4579357279522874,400.0,0.4,1.3,1126259642.413,1.375,-1.2108,2.659,671.9190963424719,-8.553332238032109
36.63677089644198,31.405852293422633,-0.024514194099266855,0.12441461427309675,400.0,0.4,1.3,1126259642.413,1.375,-1.2108,2.659,671.922015094776,-8.553332238032109
34.951496373995674,34.48779810985802,-0.6546676402950137,0.633265457199447,400.0,0.4,1.3,1126259642.413,1.375,-1.2108,2.659,671.9257456237709,-8.553332238032109
33.09283400067915,34.723468591021906,0.6691032888051828,-0.38063528814319214,400.0,0.4,1.3,1126259642.413,1.375,-1.2108,2.659,671.9341641833339,-8.553332238032109
33.1198605821303,34.95896059836993,0.7068262232757802,-0.5389284817779526,400.0,0.4,1.3,1126259642.413,1.375,-1.2108,2.659,671.9441567068167,-8.553332238032109
35.66707719035046,33.501612878343735,0.5429065451570523,-0.5890994757017683,400.0,0.4,1.3,1126259642.413,1.375,-1.2108,2.659,671.9458925509646,-8.553332238032109
30.293535556982924,37.301098581142874,-0.5569193137897742,0.5933024564961772,400.0,0.4,1.3,1126259642.413,1.375,-1.2108,2.659,671.9566292580212,-8.553332238032109
33.63209991758816,34.60026797933847,0.07472343392459098,0.003993337516721929,400.0,0.4,1.3,1126259642.413,1.375,-1.2108,2.659,671.9720486426208,-8.553332238032109
31.62358098246202,36.348486242935095,-0.6506203161540149,0.7306693446706332,400.0,0.4,1.3,1126259642.413,1.375,-1.2108,2.659,671.9808423206878,-8.553332238032109
30.895112622127655,37.97213283149986,-0.2781462602791999,0.21348803261217963,400.0,0.4,1.3,1126259642.413,1.375,-1.2108,2.659,671.9895389398096,-8.553332238032109
36.0248954656768,32.66158263544458,0.08250473574737735,-0.031710594759306675,400.0,0.4,1.3,1126259642.413,1.375,-1.2108,2.659,671.9900104926704,-8.553332238032109
31.212502472033062,37.36491395205855,-0.3284995459049771,0.3506995207715573,400.0,0.4,1.3,1126259642.413,1.375,-1.2108,2.659,671.9950738683563,-8.553332238032109
32.08211559553154,36.98024775391679,-0.3025827684836559,0.27097051267203365,400.0,0.4,1.3,1126259642.413,1.375,-1.2108,2.659,672.0037694915211,-8.553332238032109
32.82359256827726,36.09836694134987,-0.4258076777561584,0.38724298789578254,400.0,0.4,1.3,1126259642.413,1.375,-1.2108,2.659,672.0081319160515,-8.553332238032109
32.35884177427913,36.30294554307584,0.009345079669101431,0.010565267322010102,400.0,0.4,1.3,1126259642.413,1.375,-1.2108,2.659,672.0088937940052,-8.553332238032109
31.614231742919536,36.62968440982305,-0.6553295812350316,0.566055430406423,400.0,0.4,1.3,1126259642.413,1.375,-1.2108,2.659,672.0151741380657,-8.553332238032109
35.28510700779442,32.729754169333894,0.3340363744120094,-0.1334498389676081,400.0,0.4,1.3,1126259642.413,1.375,-1.2108,2.659,672.0195446288516,-8.553332238032109
36.05133174401842,31.955227772968843,0.45932115437931986,-0.4300688453984063,400.0,0.4,1.3,1126259642.413,1.375,-1.2108,2.659,672.0256548253271,-8.553332238032109
30.464251918946204,38.711631835706214,0.269092287445985,-0.226597299469996,400.0,0.4,1.3,1126259642.413,1.375,-1.2108,2.659,672.026411842027,-8.553332238032109
32.33066995938883,35.89417364361279,0.44918506335387837,-0.20872082523432997,400.0,0.4,1.3,1126259642.413,1.375,-1.2108,2.659,672.031185487211,-8.553332238032109
34.98811909818702,33.158686070535516,0.712096398469592,-0.6023502583167392,400.0,0.4,1.3,1126259642.413,1.375,-1.2108,2.659,672.0360956839021,-8.553332238032109
33.39709271651553,34.68145364684512,0.12290318980459769,0.034414808744586356,400.0,0.4,1.3,1126259642.413,1.375,-1.2108,2.659,672.0405575316428,-8.553332238032109
38.1577601843813,31.34748293177333,0.2020508124717308,-0.46317250247013575,400.0,0.4,1.3,1126259642.413,1.375,-1.2108,2.659,672.0479015216785,-8.553332238032109
30.841480453320166,36.84068396736085,-0.09196408268613628,0.2765016703466777,400.0,0.4,1.3,1126259642.413,1.375,-1.2108,2.659,672.0611222164212,-8.553332238032109
35.19905303346207,32.41931317548071,0.7444849174318989,-0.5587063193156965,400.0,0.4,1.3,1126259642.413,1.375,-1.2108,2.659,672.0652122841065,-8.553332238032109
36.58385448175176,31.66193776898802,0.6044308560872074,-0.7395106856286074,400.0,0.4,1.3,1126259642.413,1.375,-1.2108,2.659,672.0654015111545,-8.553332238032109
32.68753981980759,35.292271004354106,0.15643443133675136,0.06883709670123123,400.0,0.4,1.3,1126259642.413,1.375,-1.2108,2.659,672.0702997205228,-8.553332238032109
36.606641983505284,31.89353632583814,-0.3956596114829928,0.522040239560992,400.0,0.4,1.3,1126259642.413,1.375,-1.2108,2.659,672.0706609138845,-8.553332238032109
31.63596891999365,37.14537027830491,-0.7429028079472535,0.48103647171908437,400.0,0.4,1.3,1126259642.413,1.375,-1.2108,2.659,672.0710192778014,-8.553332238032109
36.54859481356603,31.490300072074916,0.5118183435995091,-0.5079237287970966,400.0,0.4,1.3,1126259642.413,1.375,-1.2108,2.659,672.0763879250551,-8.553332238032109
36.31728280057898,31.379849972865696,0.2862513844180703,-0.19161428004752715,400.0,0.4,1.3,1126259642.413,1.375,-1.2108,2.659,672.0770952143589,-8.553332238032109
34.51340733351857,34.54748827644811,0.12552244213438407,-0.07926145017267877,400.0,0.4,1.3,1126259642.413,1.375,-1.2108,2.659,672.0812148194641,-8.553332238032109
35.60155319966849,32.328507440144676,-0.46684307328298064,0.7403552660378954,400.0,0.4,1.3,1126259642.413,1.375,-1.2108,2.659,672.0917992622648,-8.553332238032109
37.128988760466854,31.817754540418246,-0.36727591814905375,0.4915722709539246,400.0,0.4,1.3,1126259642.413,1.375,-1.2108,2.659,672.0996057267638,-8.553332238032109
34.21220679469599,33.84111645130222,-0.03636860405342639,0.29766811756788697,400.0,0.4,1.3,1126259642.413,1.375,-1.2108,2.659,672.118822211226,-8.553332238032109
32.76724928203529,36.25060461299821,0.5585899747216461,-0.525080377755262,400.0,0.4,1.3,1126259642.413,1.375,-1.2108,2.659,672.1224400783135,-8.553332238032109
31.205769901495536,37.546626626436606,-0.7032853407227678,0.5457121829812591,400.0,0.4,1.3,1126259642.413,1.375,-1.2108,2.659,672.1243873002458,-8.553332238032109
30.80216686145874,37.99581821287097,-0.11801003666339521,0.10067203471794631,400.0,0.4,1.3,1126259642.413,1.375,-1.2108,2.659,672.1416267064383,-8.553332238032109
34.46257618518464,33.0350471909447,0.6715938742849977,-0.4423544300840678,400.0,0.4,1.3,1126259642.413,1.375,-1.2108,2.659,672.1789264892831,-8.553332238032109
31.498737326867307,37.0305104197176,0.468101052476169,-0.2397362721893632,400.0,0.4,1.3,1126259642.413,1.375,-1.2108,2.659,672.1876898724868,-8.553332238032109
33.658212586187325,34.76130065764124,0.6383496899317347,-0.5754301112294102,400.0,0.4,1.3,1126259642.413,1.375,-1.2108,2.659,672.1946236320498,-8.553332238032109
33.01932039403013,35.657760208517615,0.7516333032556692,-0.6914791838657324,400.0,0.4,1.3,1126259642.413,1.375,-1.2108,2.659,672.2088049376891,-8.553332238032109
32.222807116930944,36.6194748396719,-0.11410557708334527,0.15736809431675258,400.0,0.4,1.3,1126259642.413,1.375,-1.2108,2.659,672.2112310952829,-8.553332238032109
34.98567894720126,34.091785813005735,-0.5160838810519142,0.6323968544627936,400.0,0.4,1.3,1126259642.413,1.375,-1.2108,2.659,672.2282272308435,-8.553332238032109
30.127306845460993,37.82382503714094,-0.5171445219266153,0.48264546719505586,400.0,0.4,1.3,1126259642.413,1.375,-1.2108,2.659,672.2328167267452,-8.553332238032109
35.607212916995856,33.560174460101834,-0.3187301547006409,0.3220661195185906,400.0,0.4,1.3,1126259642.413,1.375,-1.2108,2.659,672.2340261066745,-8.553332238032109
34.062693882287476,34.28978846630048,0.7742432202995636,-0.678864559800315,400.0,0.4,1.3,1126259642.413,1.375,-1.2108,2.659,672.2470560965971,-8.553332238032109
38.50913545207309,30.648673340146058,0.027780987749111946,-0.15992078883285962,400.0,0.4,1.3,1126259642.413,1.375,-1.2108,2.659,672.2596254215237,-8.553332238032109
32.00816811164873,37.24889960310698,-0.7660523023854034,0.5107541042941166,400.0,0.4,1.3,1126259642.413,1.375,-1.2108,2.659,672.2611405356149,-8.553332238032109
34.59514456351598,34.19928602592816,-0.47757061910611265,0.4728300959853493,400.0,0.4,1.3,1126259642.413,1.375,-1.2108,2.659,672.2789407017287,-8.553332238032109
38.35509841118172,31.022332978749407,0.003993627452833756,-0.14194504770384367,400.0,0.4,1.3,1126259642.413,1.375,-1.2108,2.659,672.2858686522604,-8.553332238032109
38.722555595071675,30.973589835421418,0.2606620427218097,-0.5382583310253481,400.0,0.4,1.3,1126259642.413,1.375,-1.2108,2.659,672.2931452204759,-8.553332238032109
34.75839739137803,34.144968102784134,-0.3161046451014389,0.39287851086426095,400.0,0.4,1.3,1126259642.413,1.375,-1.2108,2.659,672.293855138936,-8.553332238032109
33.21621121682903,34.58886775674989,0.6379228231800796,-0.423934238756782,400.0,0.4,1.3,1126259642.413,1.375,-1.2108,2.659,672.2982272264891,-8.553332238032109
34.06669057235335,34.28686499605055,0.7387047573056101,-0.5954495482727943,400.0,0.4,1.3,1126259642.413,1.375,-1.2108,2.659,672.2994028149318,-8.553332238032109
34.75571023438978,33.197474086540716,0.5105870609010785,-0.37159130311840194,400.0,0.4,1.3,1126259642.413,1.375,-1.2108,2.659,672.3050448154197,-8.553332238032109
35.6287495519385,32.67223492070214,-0.12802006232633767,0.3156683548762281,400.0,0.4,1.3,1126259642.413,1.375,-1.2108,2.659,672.3080025790524,-8.553332238032109
31.04360128827476,37.36604717408504,0.6596499545143498,-0.43798251055029364,400.0,0.4,1.3,1126259642.413,1.375,-1.2108,2.659,672.3176758524804,-8.553332238032109
34.014995607808984,35.115643111758715,-0.7483668071811933,0.7956443783999352,400.0,0.4,1.3,1126259642.413,1.375,-1.2108,2.659,672.3209058543889,-8.553332238032109
34.988892826294446,33.689537774292,-0.5745333890841807,0.7041524986930802,400.0,0.4,1.3,1126259642.413,1.375,-1.2108,2.659,672.3303485867061,-8.553332238032109
34.020595838659105,33.421212803287496,0.2555479365132815,0.0182890053160103,400.0,0.4,1.3,1126259642.413,1.375,-1.2108,2.659,672.3375074085993,-8.553332238032109
30.226575352586604,38.97541861542324,-0.6217387545641171,0.33164145374048504,400.0,0.4,1.3,1126259642.413,1.375,-1.2108,2.659,672.3466352810385,-8.553332238032109
32.89920688404212,35.53723435349395,-0.6806881666323022,0.616828708160684,400.0,0.4,1.3,1126259642.413,1.375,-1.2108,2.659,672.3475234209124,-8.553332238032109
32.265912263188596,35.78992680812853,0.049314532197246755,0.057184863777035924,400.0,0.4,1.3,1126259642.413,1.375,-1.2108,2.659,672.3495598412061,-8.553332238032109
39.00718010395895,30.560790840695635,-0.04709556427445685,-0.11824121500308876,400.0,0.4,1.3,1126259642.413,1.375,-1.2108,2.659,672.3516537427738,-8.553332238032109
32.167137148712506,35.871448682906,0.27116107845819326,-0.014024388807307282,400.0,0.4,1.3,1126259642.413,1.375,-1.2108,2.659,672.3539802681264,-8.553332238032109
38.05160109626058,31.72777891253694,-0.10656130342095806,-0.1422401854046127,400.0,0.4,1.3,1126259642.413,1.375,-1.2108,2.659,672.3611441732432,-8.553332238032109
31.240450215614512,37.986844869713096,-0.018764124647256332,0.01404503165523504,400.0,0.4,1.3,1126259642.413,1.375,-1.2108,2.659,672.3614282027133,-8.553332238032109
32.72244909228889,34.862545711977326,-0.27567981911196465,0.5383565013120901,400.0,0.4,1.3,1126259642.413,1.375,-1.2108,2.659,672.3649061194526,-8.553332238032109
33.41933208321699,34.61391499210805,0.2594471840893045,-0.03463150203113565,400.0,0.4,1.3,1126259642.413,1.375,-1.2108,2.659,672.3710752334407,-8.553332238032109
36.43880313952748,31.74544978384706,0.4872196128755994,-0.5781797780913757,400.0,0.4,1.3,1126259642.413,1.375,-1.2108,2.659,672.3836435544231,-8.553332238032109
33.86105189870861,35.41959593673067,-0.4192955191912753,0.36431988646608726,400.0,0.4,1.3,1126259642.413,1.375,-1.2108,2.659,672.3892387385167,-8.553332238032109
32.536036139992156,35.25396987254232,0.2327741087063641,-0.05530044137205199,400.0,0.4,1.3,1126259642.413,1.375,-1.2108,2.659,672.3924297075229,-8.553332238032109
31.546818791193292,36.41643763215628,-0.2400392392198492,0.3118177624067665,400.0,0.4,1.3,1126259642.413,1.375,-1.2108,2.659,672.4122784134186,-8.553332238032109
36.280277592325916,32.29375590063734,-0.13954487638477103,0.2890851895872169,400.0,0.4,1.3,1126259642.413,1.375,-1.2108,2.659,672.4125792142204,-8.553332238032109
34.39859399907253,32.696394931587434,0.6330824908541658,-0.37951599285847304,400.0,0.4,1.3,1126259642.413,1.375,-1.2108,2.659,672.4142551982006,-8.553332238032109
32.765328168515424,35.21236695454567,0.0890438122534839,0.1416633754026422,400.0,0.4,1.3,1126259642.413,1.375,-1.2108,2.659,672.4180461527018,-8.553332238032109
30.810073836169014,38.3630868077236,-0.24127020435742408,0.12293778841688038,400.0,0.4,1.3,1126259642.413,1.375,-1.2108,2.659,672.4254882376297,-8.553332238032109
32.22851294652452,36.18144818101677,-0.09401955159118434,0.18184710097527246,400.0,0.4,1.3,1126259642.413,1.375,-1.2108,2.659,672.4412251420969,-8.553332238032109
32.03446533029939,35.97598199074937,-0.5883615901921035,0.6891004184828509,400.0,0.4,1.3,1126259642.413,1.375,-1.2108,2.659,672.4422869555813,-8.553332238032109
32.921486190461835,34.13628227595002,-0.09349992084963482,0.5070137996242777,400.0,0.4,1.3,1126259642.413,1.375,-1.2108,2.659,672.4461140848307,-8.553332238032109
32.021831884168854,36.23775322764357,-0.6730074914036168,0.6070744956569929,400.0,0.4,1.3,1126259642.413,1.375,-1.2108,2.659,672.4461931839942,-8.553332238032109
33.56637309158903,35.19893400241361,-0.7754901720351456,0.7590382108339974,400.0,0.4,1.3,1126259642.413,1.375,-1.2108,2.659,672.4507103106414,-8.553332238032109
30.669893752849745,38.38908599939443,-0.24407567903979197,0.11322521593287956,400.0,0.4,1.3,1126259642.413,1.375,-1.2108,2.659,672.4550706985508,-8.553332238032109
37.64888846839521,31.658042382612443,-0.33619973619082033,0.43001505803728035,400.0,0.4,1.3,1126259642.413,1.375,-1.2108,2.659,672.4605936336357,-8.553332238032109
38.019143199586324,30.996073261121445,0.34716934785443154,-0.5468750856756902,400.0,0.4,1.3,1126259642.413,1.375,-1.2108,2.659,672.4616053337559,-8.553332238032109
33.995941997461586,34.68246548781911,0.19043337365193802,-0.16190723543141977,400.0,0.4,1.3,1126259642.413,1.375,-1.2108,2.659,672.470059250465,-8.553332238032109
33.36405018637816,35.25219844086122,0.030084695998567994,0.019786177304190626,400.0,0.4,1.3,1126259642.413,1.375,-1.2108,2.659,672.480462013356,-8.553332238032109
32.27459803552682,35.76593945720228,-0.5736072222430463,0.5804026976058814,400.0,0.4,1.3,1126259642.413,1.375,-1.2108,2.659,672.4860365768923,-8.553332238032109
30.53366397957277,37.4393154776068,-0.10979601204031735,0.19628190579115384,400.0,0.4,1.3,1126259642.413,1.375,-1.2108,2.659,672.4953900829656,-8.553332238032109
30.377683430717344,37.980855094104975,-0.35808906904719534,0.29481613320097017,400.0,0.4,1.3,1126259642.413,1.375,-1.2108,2.659,672.4954062030971,-8.553332238032109
33.95821117349466,34.24003908478871,0.7519110291100838,-0.6404611654577881,400.0,0.4,1.3,1126259642.413,1.375,-1.2108,2.659,672.5219946274269,-8.553332238032109
33.630910963826004,34.75767366894005,-0.06279143653240847,0.18122700861027397,400.0,0.4,1.3,1126259642.413,1.375,-1.2108,2.659,672.5494368078887,-8.553332238032109
36.86556316743836,32.108031316626715,0.4105480023409213,-0.5300137714791455,400.0,0.4,1.3,1126259642.413,1.375,-1.2108,2.659,672.5512313903591,-8.553332238032109
34.6160570077121,34.418199013513195,0.32903081698511555,-0.3131008860600663,400.0,0.4,1.3,1126259642.413,1.375,-1.2108,2.659,672.5529444952286,-8.553332238032109
35.17001307896658,32.712404278778195,-0.434500360537182,0.722345037331976,400.0,0.4,1.3,1126259642.413,1.375,-1.2108,2.659,672.553331907201,-8.553332238032109
32.5456169787468,36.03587454409611,0.5006904951434935,-0.34871606508535163,400.0,0.4,1.3,1126259642.413,1.375,-1.2108,2.659,672.5635686853292,-8.553332238032109
32.92548064290222,34.78691130485244,0.709402495479891,-0.4340293618149461,400.0,0.4,1.3,1126259642.413,1.375,-1.2108,2.659,672.5786334802151,-8.553332238032109
30.766497627838245,37.57072935845897,0.40243676409610124,-0.20610073550244198,400.0,0.4,1.3,1126259642.413,1.375,-1.2108,2.659,672.5813323277296,-8.553332238032109
34.4784625749767,34.49302022288167,-0.3124760334002474,0.3100423538977052,400.0,0.4,1.3,1126259642.413,1.375,-1.2108,2.659,672.5894887057437,-8.553332238032109
30.221888449833518,37.36053396365362,-0.11703739417483379,0.2905378067376587,400.0,0.4,1.3,1126259642.413,1.375,-1.2108,2.659,672.5901205553546,-8.553332238032109
32.677663173600955,35.04781014035663,-0.2322442651354975,0.47422371438728034,400.0,0.4,1.3,1126259642.413,1.375,-1.2108,2.659,672.5922951129796,-8.553332238032109
37.717214522548325,31.658101781126142,0.06668653475838285,-0.2938217403090051,400.0,0.4,1.3,1126259642.413,1.375,-1.2108,2.659,672.6011701547584,-8.553332238032109
33.908292776021355,34.8262904364499,-0.6590497673828477,0.6303916591345107,400.0,0.4,1.3,1126259642.413,1.375,-1.2108,2.659,672.6110589618314,-8.553332238032109
36.380985505714726,32.446769280745485,0.5749503576302233,-0.6535825829532028,400.0,0.4,1.3,1126259642.413,1.375,-1.2108,2.659,672.6270949768128,-8.553332238032109
35.31704446616643,33.001037503080134,0.17006701606983887,-0.12489187502214365,400.0,0.4,1.3,1126259642.413,1.375,-1.2108,2.659,672.6324939413795,-8.553332238032109
38.278554875895175,30.403894197005762,0.2637503595653139,-0.5192266807055931,400.0,0.4,1.3,1126259642.413,1.375,-1.2108,2.659,672.6387618461672,-8.553332238032109
35.16042496164928,33.76778583083333,-0.2285561087014687,0.24855291899196316,400.0,0.4,1.3,1126259642.413,1.375,-1.2108,2.659,672.6403569015318,-8.553332238032109
31.94706086816152,35.49906182233244,-0.19863199751523647,0.36273115631740865,400.0,0.4,1.3,1126259642.413,1.375,-1.2108,2.659,672.6625460928383,-8.553332238032109
34.0788107435165,32.94274157431386,0.25792906315950404,0.019477562962524238,400.0,0.4,1.3,1126259642.413,1.375,-1.2108,2.659,672.6651714271102,-8.553332238032109
32.74239411556674,34.65197115671436,0.4311436553001696,-0.1730489403340756,400.0,0.4,1.3,1126259642.413,1.375,-1.2108,2.659,672.671716533092,-8.553332238032109
33.60930925507421,35.4142425783653,-0.315850264195146,0.3239694803157766,400.0,0.4,1.3,1126259642.413,1.375,-1.2108,2.659,672.6775926745439,-8.553332238032109
36.31463500227825,32.17295035884433,0.18781423744572948,-0.13939347833545557,400.0,0.4,1.3,1126259642.413,1.375,-1.2108,2.659,672.682560085885,-8.553332238032109
31.616171140913696,36.466153851989866,-0.27790663923323594,0.4072495118019068,400.0,0.4,1.3,1126259642.413,1.375,-1.2108,2.659,672.6874155076864,-8.553332238032109
34.27494663489186,34.6996666951705,0.635660134377973,-0.6815149455638614,400.0,0.4,1.3,1126259642.413,1.375,-1.2108,2.659,672.6916311183558,-8.553332238032109
33.96531813235134,34.003791254826815,-0.1999902390763576,0.2573920462692112,400.0,0.4,1.3,1126259642.413,1.375,-1.2108,2.659,672.7010043324234,-8.553332238032109
36.42964877717578,32.11032835440254,0.06667493568811778,0.01077787937629715,400.0,0.4,1.3,1126259642.413,1.375,-1.2108,2.659,672.7240219767615,-8.553332238032109
35.62956539876342,33.8224276897198,-0.5304365952628037,0.5182519734542752,400.0,0.4,1.3,1126259642.413,1.375,-1.2108,2.659,672.726512910787,-8.553332238032109
32.765087895167035,35.56675215828391,-0.7737127276935649,0.7446468616641994,400.0,0.4,1.3,1126259642.413,1.375,-1.2108,2.659,672.746454135666,-8.553332238032109
34.244439824308635,33.658884481607345,-0.17400829447938584,0.30004834724389906,400.0,0.4,1.3,1126259642.413,1.375,-1.2108,2.659,672.7515332909311,-8.553332238032109
33.86610371034375,35.13053418596671,0.17906293340513052,-0.14270117897090967,400.0,0.4,1.3,1126259642.413,1.375,-1.2108,2.659,672.7765114455449,-8.553332238032109
35.067677986835854,33.1758150704293,0.23736344744452714,-0.12167808338382441,400.0,0.4,1.3,1126259642.413,1.375,-1.2108,2.659,672.7782471949856,-8.553332238032109
31.560444327154787,37.22608508294493,-0.344309566849802,0.2593209897308878,400.0,0.4,1.3,1126259642.413,1.375,-1.2108,2.659,672.7816518874257,-8.553332238032109
34.60062173014889,33.92903692556207,0.5896312903148485,-0.5284784643868976,400.0,0.4,1.3,1126259642.413,1.375,-1.2108,2.659,672.8070021916392,-8.553332238032109
31.9272813170355,36.08569429762379,-0.465002311162008,0.43610473211734485,400.0,0.4,1.3,1126259642.413,1.375,-1.2108,2.659,672.8166508411769,-8.553332238032109
34.34223668424178,33.93291858788586,-0.1228045460058626,0.26653634078592164,400.0,0.4,1.3,1126259642.413,1.375,-1.2108,2.659,672.8271607536004,-8.553332238032109
33.29356881179138,35.767350592283506,0.7534085927193465,-0.6992784160801097,400.0,0.4,1.3,1126259642.413,1.375,-1.2108,2.659,672.829340981128,-8.553332238032109
33.261129768374744,34.487790851538904,-0.3654526531526437,0.6030073073043059,400.0,0.4,1.3,1126259642.413,1.375,-1.2108,2.659,672.8306992871958,-8.553332238032109
30.164022389440362,38.3647875388381,-0.18345954278299928,0.21403779885330057,400.0,0.4,1.3,1126259642.413,1.375,-1.2108,2.659,672.83452477425,-8.553332238032109
30.07019176426754,37.780708074283616,0.03976853238020378,0.1486353060771031,400.0,0.4,1.3,1126259642.413,1.375,-1.2108,2.659,672.8386014386264,-8.553332238032109
36.15031427151257,31.782967372153895,0.18542252167770149,-0.058293768486018915,400.0,0.4,1.3,1126259642.413,1.375,-1.2108,2.659,672.8398765286713,-8.553332238032109
31.473840208052938,35.8281932522212,-0.19153020316419753,0.516841858679954,400.0,0.4,1.3,1126259642.413,1.375,-1.2108,2.659,672.8484455551968,-8.553332238032109
30.561121703622756,38.42671352720137,-0.5098054524763703,0.30331442405313974,400.0,0.4,1.3,1126259642.413,1.375,-1.2108,2.659,672.8500434989521,-8.553332238032109
33.24568402873206,34.26743757809016,0.7925126028791827,-0.4808322639629453,400.0,0.4,1.3,1126259642.413,1.375,-1.2108,2.659,672.8546338383621,-8.553332238032109
32.63681832303837,36.23718579603955,0.5630500051235812,-0.48240271847274274,400.0,0.4,1.3,1126259642.413,1.375,-1.2108,2.659,672.8661509990056,-8.553332238032109
33.2624092280004,34.76605714880133,0.4122084834663853,-0.1946862216783222,400.0,0.4,1.3,1126259642.413,1.375,-1.2108,2.659,672.8710572226618,-8.553332238032109
32.15717513508313,36.18453283160997,0.19654261291064104,-0.10382011777943115,400.0,0.4,1.3,1126259642.413,1.375,-1.2108,2.659,672.8881895179925,-8.553332238032109
34.6062689811643,34.190497271905016,0.6440803849719331,-0.6883507894678876,400.0,0.4,1.3,1126259642.413,1.375,-1.2108,2.659,672.8941944047318,-8.553332238032109
34.89902777930955,34.12072058270726,-0.05160279443069862,0.0526222824754035,400.0,0.4,1.3,1126259642.413,1.375,-1.2108,2.659,672.896017704443,-8.553332238032109
36.33617221809498,33.105356819572684,-0.6471691499052865,0.6280282453231798,400.0,0.4,1.3,1126259642.413,1.375,-1.2108,2.659,672.8973753108364,-8.553332238032109
35.14805194248178,33.31702578813734,0.2595645218751631,-0.24986248653846407,400.0,0.4,1.3,1126259642.413,1.375,-1.2108,2.659,672.9063697364054,-8.553332238032109
30.88728622898642,38.44084855022379,-0.1828531391543134,0.02474791600117457,400.0,0.4,1.3,1126259642.413,1.375,-1.2108,2.659,672.9323708076681,-8.553332238032109
33.103628945789964,35.646365274491245,-0.7794138233560568,0.7029598511148053,400.0,0.4,1.3,1126259642.413,1.375,-1.2108,2.659,672.9338023007917,-8.553332238032109
37.14685121384542,32.268846411643636,-0.5339556649463988,0.6036541719964802,400.0,0.4,1.3,1126259642.413,1.375,-1.2108,2.659,672.9364913671463,-8.553332238032109
32.59377383932326,36.709376912122096,0.24406129389205372,-0.2413932653604123,400.0,0.4,1.3,1126259642.413,1.375,-1.2108,2.659,672.9554091726467,-8.553332238032109
34.10888685320289,32.96771298849467,0.37118686847960036,-0.050622846582346476,400.0,0.4,1.3,1126259642.413,1.375,-1.2108,2.659,672.9738099903537,-8.553332238032109
34.75118419605059,34.1767941258117,-0.541783951259635,0.5410174811908227,400.0,0.4,1.3,1126259642.413,1.375,-1.2108,2.659,672.9879061477526,-8.553332238032109
34.470064819459814,33.75834615528555,0.7439862250142404,-0.7374274334131216,400.0,0.4,1.3,1126259642.413,1.375,-1.2108,2.659,672.9922140881743,-8.553332238032109
34.566447042819576,34.47457575725461,0.09695164543224255,-0.15219366164669318,400.0,0.4,1.3,1126259642.413,1.375,-1.2108,2.659,673.0059298052964,-8.553332238032109
36.17428400577026,32.97555843456555,-0.3376157006743875,0.37489680188828,400.0,0.4,1.3,1126259642.413,1.375,-1.2108,2.659,673.0068644095015,-8.553332238032109
33.908066450826134,34.641759750231046,0.7371859887943232,-0.6763225081677048,400.0,0.4,1.3,1126259642.413,1.375,-1.2108,2.659,673.0475749017958,-8.553332238032109
31.940309477885158,36.55984067544336,-0.27664773860171743,0.33064361312159746,400.0,0.4,1.3,1126259642.413,1.375,-1.2108,2.659,673.0618285850504,-8.553332238032109
33.61337854539354,35.46038516409269,0.7270743299620575,-0.6757671376860231,400.0,0.4,1.3,1126259642.413,1.375,-1.2108,2.659,673.0697174423199,-8.553332238032109
31.77022269054862,36.6638826303135,0.42809627811591106,-0.22393171225710956,400.0,0.4,1.3,1126259642.413,1.375,-1.2108,2.659,673.0917395767015,-8.553332238032109
36.23485811635808,32.20422370059632,-0.11599870521393221,0.2785420094361869,400.0,0.4,1.3,1126259642.413,1.375,-1.2108,2.659,673.1157083591204,-8.553332238032109
37.332282907265366,31.21867640697007,0.4293644192508948,-0.5246717388119082,400.0,0.4,1.3,1126259642.413,1.375,-1.2108,2.659,673.1195615527519,-8.553332238032109
30.29260268397759,38.60306308654281,-0.4546178277904236,0.2824796806997577,400.0,0.4,1.3,1126259642.413,1.375,-1.2108,2.659,673.1218361980818,-8.553332238032109
32.69859609428393,35.55867836352569,-0.0201018217357133,0.19425568791934714,400.0,0.4,1.3,1126259642.413,1.375,-1.2108,2.659,673.1224539532568,-8.553332238032109
35.38451393473419,32.30782821091584,0.3940120801174239,-0.20243055502541674,400.0,0.4,1.3,1126259642.413,1.375,-1.2108,2.659,673.1347525436515,-8.553332238032109
30.426183820914424,37.917979442818705,-0.5974193519052625,0.4694790310693217,400.0,0.4,1.3,1126259642.413,1.375,-1.2108,2.659,673.1990181351441,-8.553332238032109
33.73364146948179,34.52061065251706,0.7839503671666355,-0.6273366213886771,400.0,0.4,1.3,1126259642.413,1.375,-1.2108,2.659,673.2007296611001,-8.553332238032109
31.598270450308334,36.16114217035188,0.49843384435450333,-0.14503698749106997,400.0,0.4,1.3,1126259642.413,1.375,-1.2108,2.659,673.2319916113677,-8.553332238032109
36.94983896931255,32.07745468812255,-0.41495611410252586,0.506067492431284,400.0,0.4,1.3,1126259642.413,1.375,-1.2108,2.659,673.3391060597455,-8.553332238032109
34.914596786619505,33.23853824550453,0.16275144177415135,0.018479957139203754,400.0,0.4,1.3,1126259642.413,1.375,-1.2108,2.659,673.3538568661113,-8.553332238032109
31.98893641029561,36.51484094561631,0.1790612197302527,-0.061909114433864466,400.0,0.4,1.3,1126259642.413,1.375,-1.2108,2.659,673.3547888279361,-8.553332238032109
34.78832918614035,33.373615839494306,-0.5160246988486868,0.7581559809027403,400.0,0.4,1.3,1126259642.413,1.375,-1.2108,2.659,673.3653177095182,-8.553332238032109
34.58868820136304,33.29194469112017,0.27960541684747414,-0.09347071601296643,400.0,0.4,1.3,1126259642.413,1.375,-1.2108,2.659,673.3722919377088,-8.553332238032109
